"Name","Calls","TotalDurationNs","AverageNs","Percentage","MinNs","MaxNs","StdDev"
"__omp_offloading_8116438_7d0004e4__QMm_weno_standalonePs_weno5_kernel_x_l685",25,113071175,4522847.000000,77.96,4481810,4618771,28560.212842
"__omp_offloading_8116438_7d0004e4__QMm_weno_standalonePs_order1_copy_z_l378",1,8752577,8752577.000000,6.03,8752577,8752577,0.00000000e+00
"__omp_offloading_8116438_7d0004e4__QMm_weno_standalonePs_initialize_weno_z_l319",1,8403453,8403453.000000,5.79,8403453,8403453,0.00000000e+00
"__omp_offloading_8116438_7d0004e4__QMm_weno_standalonePs_order1_copy_y_l358",1,6647434,6647434.000000,4.58,6647434,6647434,0.00000000e+00
"__omp_offloading_8116438_7d0004e4__QMm_weno_standalonePs_initialize_weno_y_l302",1,4882454,4882454.000000,3.37,4882454,4882454,0.00000000e+00
"__omp_offloading_8116438_7d0004e4__QMm_weno_standalonePs_order1_copy_x_l338",1,1985302,1985302.000000,1.37,1985302,1985302,0.00000000e+00
"__omp_offloading_8116438_7d0004e4__QMm_weno_standalonePs_initialize_weno_x_l285",1,1286415,1286415.000000,0.8870,1286415,1286415,0.00000000e+00
"__omp_dm_init_kernel",1,7360,7360.000000,5.075e-03,7360,7360,0.00000000e+00
