"Name","Calls","TotalDurationNs","AverageNs","Percentage","MinNs","MaxNs","StdDev"
"MEMORY_COPY",254,315583352,1242454.141732,67.48,2720,26124769,5347039.427308
"KERNEL_DISPATCH",32,145036170,4532380.312500,31.01,7360,8752577,1554523.302605
"MEMORY_ALLOCATION",175,7073243,40418.531429,1.51,261,2937505,227260.744605
