"Name","Calls","TotalDurationNs","AverageNs","Percentage","MinNs","MaxNs","StdDev"
"MEMORY_COPY_HOST_TO_DEVICE",143,170512366,1192394.167832,53.92,4480,1332175,378897.884082
"MEMORY_COPY_DEVICE_TO_HOST",114,145695430,1278030.087719,46.08,234722,1339376,246927.108548
