"Name","Calls","TotalDurationNs","AverageNs","Percentage","MinNs","MaxNs","StdDev"
"HIP_API",622,1212610788,1949535.028939,58.93,70,247027604,11138459.501565
"KERNEL_DISPATCH",191,526487168,2756477.319372,25.58,1760,7592085,2499210.564167
"MEMORY_COPY",257,316179711,1230271.249027,15.36,4480,1340015,329142.055696
"MEMORY_ALLOCATION",33,2548885,77238.939394,0.1239,401,471524,141660.353452
